max_loss,max_daily_loss,max_gain,max_daily_gain,max_drawdown,drawdown_days,start_date,end_date,mv_6,mv_0
-0.1,-0.1,0.3,0.1,0.01,10,2016-01-01,2020-09-01,5601.0,6551.0
-0.1,-0.1,0.3,0.1,0.01,15,2016-01-01,2020-09-01,5545.0,5726.0
-0.1,-0.1,0.3,0.1,0.01,20,2016-01-01,2020-09-01,5290.0,5902.0
-0.1,-0.1,0.3,0.1,0.025,10,2016-01-01,2020-09-01,7477.0,8575.0
-0.1,-0.1,0.3,0.1,0.025,15,2016-01-01,2020-09-01,5686.0,8426.0
-0.1,-0.1,0.3,0.1,0.025,20,2016-01-01,2020-09-01,8543.0,8910.0
-0.1,-0.1,0.3,0.1,0.05,10,2016-01-01,2020-09-01,8259.0,8114.0
-0.1,-0.1,0.3,0.1,0.05,15,2016-01-01,2020-09-01,8089.0,7927.0
-0.1,-0.1,0.3,0.1,0.05,20,2016-01-01,2020-09-01,8140.0,7863.0
-0.1,-0.1,0.3,0.2,0.01,10,2016-01-01,2020-09-01,6212.0,6596.0
-0.1,-0.1,0.3,0.2,0.01,15,2016-01-01,2020-09-01,5643.0,5708.0
-0.1,-0.1,0.3,0.2,0.01,20,2016-01-01,2020-09-01,5688.0,6302.0
-0.1,-0.1,0.3,0.2,0.025,10,2016-01-01,2020-09-01,6395.0,8022.0
-0.1,-0.1,0.3,0.2,0.025,15,2016-01-01,2020-09-01,5106.0,8370.0
-0.1,-0.1,0.3,0.2,0.025,20,2016-01-01,2020-09-01,8755.0,9070.0
-0.1,-0.1,0.3,0.2,0.05,10,2016-01-01,2020-09-01,7897.0,7983.0
-0.1,-0.1,0.3,0.2,0.05,15,2016-01-01,2020-09-01,9409.0,7691.0
-0.1,-0.1,0.3,0.2,0.05,20,2016-01-01,2020-09-01,8429.0,7977.0
-0.1,-0.1,0.3,0.3,0.01,10,2016-01-01,2020-09-01,6277.0,6566.0
-0.1,-0.1,0.3,0.3,0.01,15,2016-01-01,2020-09-01,5640.0,5707.0
-0.1,-0.1,0.3,0.3,0.01,20,2016-01-01,2020-09-01,5071.0,6265.0
-0.1,-0.1,0.3,0.3,0.025,10,2016-01-01,2020-09-01,6504.0,8059.0
-0.1,-0.1,0.3,0.3,0.025,15,2016-01-01,2020-09-01,5399.0,8405.0
-0.1,-0.1,0.3,0.3,0.025,20,2016-01-01,2020-09-01,8374.0,9101.0
-0.1,-0.1,0.3,0.3,0.05,10,2016-01-01,2020-09-01,7881.0,8379.0
-0.1,-0.1,0.3,0.3,0.05,15,2016-01-01,2020-09-01,9544.0,7679.0
-0.1,-0.1,0.3,0.3,0.05,20,2016-01-01,2020-09-01,8177.0,7160.0
-0.1,-0.1,0.5,0.1,0.01,10,2016-01-01,2020-09-01,5603.0,6541.0
-0.1,-0.1,0.5,0.1,0.01,15,2016-01-01,2020-09-01,5543.0,5726.0
-0.1,-0.1,0.5,0.1,0.01,20,2016-01-01,2020-09-01,5951.0,5816.0
-0.1,-0.1,0.5,0.1,0.025,10,2016-01-01,2020-09-01,7170.0,8684.0
-0.1,-0.1,0.5,0.1,0.025,15,2016-01-01,2020-09-01,5301.0,8351.0
-0.1,-0.1,0.5,0.1,0.025,20,2016-01-01,2020-09-01,9131.0,8767.0
-0.1,-0.1,0.5,0.1,0.05,10,2016-01-01,2020-09-01,8097.0,8114.0
-0.1,-0.1,0.5,0.1,0.05,15,2016-01-01,2020-09-01,8787.0,8443.0
-0.1,-0.1,0.5,0.1,0.05,20,2016-01-01,2020-09-01,8544.0,7678.0
-0.1,-0.1,0.5,0.2,0.01,10,2016-01-01,2020-09-01,6261.0,6626.0
-0.1,-0.1,0.5,0.2,0.01,15,2016-01-01,2020-09-01,5487.0,5570.0
-0.1,-0.1,0.5,0.2,0.01,20,2016-01-01,2020-09-01,5655.0,6302.0
-0.1,-0.1,0.5,0.2,0.025,10,2016-01-01,2020-09-01,6065.0,8117.0
-0.1,-0.1,0.5,0.2,0.025,15,2016-01-01,2020-09-01,5294.0,8341.0
-0.1,-0.1,0.5,0.2,0.025,20,2016-01-01,2020-09-01,8659.0,9054.0
-0.1,-0.1,0.5,0.2,0.05,10,2016-01-01,2020-09-01,10039.0,8473.0
-0.1,-0.1,0.5,0.2,0.05,15,2016-01-01,2020-09-01,9488.0,8171.0
-0.1,-0.1,0.5,0.2,0.05,20,2016-01-01,2020-09-01,8225.0,8002.0
-0.1,-0.1,0.5,0.3,0.01,10,2016-01-01,2020-09-01,6270.0,6569.0
-0.1,-0.1,0.5,0.3,0.01,15,2016-01-01,2020-09-01,5477.0,5570.0
-0.1,-0.1,0.5,0.3,0.01,20,2016-01-01,2020-09-01,5636.0,6303.0
-0.1,-0.1,0.5,0.3,0.025,10,2016-01-01,2020-09-01,6123.0,8072.0
-0.1,-0.1,0.5,0.3,0.025,15,2016-01-01,2020-09-01,5288.0,8339.0
-0.1,-0.1,0.5,0.3,0.025,20,2016-01-01,2020-09-01,8393.0,8986.0
-0.1,-0.1,0.5,0.3,0.05,10,2016-01-01,2020-09-01,9268.0,8113.0
-0.1,-0.1,0.5,0.3,0.05,15,2016-01-01,2020-09-01,9044.0,8267.0
-0.1,-0.1,0.5,0.3,0.05,20,2016-01-01,2020-09-01,8282.0,8422.0
-0.1,-0.1,0.2,0.1,0.01,10,2016-01-01,2020-09-01,6128.0,6555.0
-0.1,-0.1,0.2,0.1,0.01,15,2016-01-01,2020-09-01,5034.0,5597.0
-0.1,-0.1,0.2,0.1,0.01,20,2016-01-01,2020-09-01,5835.0,6269.0
-0.1,-0.1,0.2,0.1,0.025,10,2016-01-01,2020-09-01,7118.0,8077.0
-0.1,-0.1,0.2,0.1,0.025,15,2016-01-01,2020-09-01,5418.0,8389.0
-0.1,-0.1,0.2,0.1,0.025,20,2016-01-01,2020-09-01,7023.0,8844.0
-0.1,-0.1,0.2,0.1,0.05,10,2016-01-01,2020-09-01,9032.0,7677.0
-0.1,-0.1,0.2,0.1,0.05,15,2016-01-01,2020-09-01,9032.0,8319.0
-0.1,-0.1,0.2,0.1,0.05,20,2016-01-01,2020-09-01,8045.0,7825.0
-0.1,-0.1,0.2,0.2,0.01,10,2016-01-01,2020-09-01,6524.0,6589.0
-0.1,-0.1,0.2,0.2,0.01,15,2016-01-01,2020-09-01,4858.0,5631.0
-0.1,-0.1,0.2,0.2,0.01,20,2016-01-01,2020-09-01,5199.0,6306.0
-0.1,-0.1,0.2,0.2,0.025,10,2016-01-01,2020-09-01,7116.0,8046.0
-0.1,-0.1,0.2,0.2,0.025,15,2016-01-01,2020-09-01,4805.0,8384.0
-0.1,-0.1,0.2,0.2,0.025,20,2016-01-01,2020-09-01,7144.0,8591.0
-0.1,-0.1,0.2,0.2,0.05,10,2016-01-01,2020-09-01,9355.0,7898.0
-0.1,-0.1,0.2,0.2,0.05,15,2016-01-01,2020-09-01,8058.0,8346.0
-0.1,-0.1,0.2,0.2,0.05,20,2016-01-01,2020-09-01,8220.0,7800.0
-0.1,-0.1,0.2,0.3,0.01,10,2016-01-01,2020-09-01,6521.0,6575.0
-0.1,-0.1,0.2,0.3,0.01,15,2016-01-01,2020-09-01,4856.0,5630.0
-0.1,-0.1,0.2,0.3,0.01,20,2016-01-01,2020-09-01,5164.0,6308.0
-0.1,-0.1,0.2,0.3,0.025,10,2016-01-01,2020-09-01,7086.0,8062.0
-0.1,-0.1,0.2,0.3,0.025,15,2016-01-01,2020-09-01,4868.0,8440.0
-0.1,-0.1,0.2,0.3,0.025,20,2016-01-01,2020-09-01,7287.0,9067.0
-0.1,-0.1,0.2,0.3,0.05,10,2016-01-01,2020-09-01,7940.0,8098.0
-0.1,-0.1,0.2,0.3,0.05,15,2016-01-01,2020-09-01,7996.0,8482.0
-0.1,-0.1,0.2,0.3,0.05,20,2016-01-01,2020-09-01,8193.0,8513.0
-0.1,-0.05,0.3,0.1,0.01,10,2016-01-01,2020-09-01,6315.0,6238.0
-0.1,-0.05,0.3,0.1,0.01,15,2016-01-01,2020-09-01,5466.0,5430.0
-0.1,-0.05,0.3,0.1,0.01,20,2016-01-01,2020-09-01,6081.0,5579.0
-0.1,-0.05,0.3,0.1,0.025,10,2016-01-01,2020-09-01,6957.0,8644.0
-0.1,-0.05,0.3,0.1,0.025,15,2016-01-01,2020-09-01,5202.0,8086.0
-0.1,-0.05,0.3,0.1,0.025,20,2016-01-01,2020-09-01,7938.0,8211.0
-0.1,-0.05,0.3,0.1,0.05,10,2016-01-01,2020-09-01,7906.0,7691.0
-0.1,-0.05,0.3,0.1,0.05,15,2016-01-01,2020-09-01,7752.0,7494.0
-0.1,-0.05,0.3,0.1,0.05,20,2016-01-01,2020-09-01,8403.0,7716.0
-0.1,-0.05,0.3,0.2,0.01,10,2016-01-01,2020-09-01,6604.0,6162.0
-0.1,-0.05,0.3,0.2,0.01,15,2016-01-01,2020-09-01,5461.0,5746.0
-0.1,-0.05,0.3,0.2,0.01,20,2016-01-01,2020-09-01,5295.0,5867.0
-0.1,-0.05,0.3,0.2,0.025,10,2016-01-01,2020-09-01,6473.0,8344.0
-0.1,-0.05,0.3,0.2,0.025,15,2016-01-01,2020-09-01,5337.0,8065.0
-0.1,-0.05,0.3,0.2,0.025,20,2016-01-01,2020-09-01,8564.0,8113.0
-0.1,-0.05,0.3,0.2,0.05,10,2016-01-01,2020-09-01,8872.0,7897.0
-0.1,-0.05,0.3,0.2,0.05,15,2016-01-01,2020-09-01,9364.0,7550.0
-0.1,-0.05,0.3,0.2,0.05,20,2016-01-01,2020-09-01,8490.0,7598.0
-0.1,-0.05,0.3,0.3,0.01,10,2016-01-01,2020-09-01,6602.0,6159.0
-0.1,-0.05,0.3,0.3,0.01,15,2016-01-01,2020-09-01,5457.0,5746.0
-0.1,-0.05,0.3,0.3,0.01,20,2016-01-01,2020-09-01,5260.0,5867.0
-0.1,-0.05,0.3,0.3,0.025,10,2016-01-01,2020-09-01,6583.0,8381.0
-0.1,-0.05,0.3,0.3,0.025,15,2016-01-01,2020-09-01,5073.0,8045.0
-0.1,-0.05,0.3,0.3,0.025,20,2016-01-01,2020-09-01,7925.0,7907.0
-0.1,-0.05,0.3,0.3,0.05,10,2016-01-01,2020-09-01,8762.0,7863.0
-0.1,-0.05,0.3,0.3,0.05,15,2016-01-01,2020-09-01,9356.0,7499.0
-0.1,-0.05,0.3,0.3,0.05,20,2016-01-01,2020-09-01,8355.0,6941.0
-0.1,-0.05,0.5,0.1,0.01,10,2016-01-01,2020-09-01,6316.0,6238.0
-0.1,-0.05,0.5,0.1,0.01,15,2016-01-01,2020-09-01,5515.0,5631.0
-0.1,-0.05,0.5,0.1,0.01,20,2016-01-01,2020-09-01,5335.0,5535.0
-0.1,-0.05,0.5,0.1,0.025,10,2016-01-01,2020-09-01,6921.0,8599.0
-0.1,-0.05,0.5,0.1,0.025,15,2016-01-01,2020-09-01,5158.0,7992.0
-0.1,-0.05,0.5,0.1,0.025,20,2016-01-01,2020-09-01,8635.0,8400.0
-0.1,-0.05,0.5,0.1,0.05,10,2016-01-01,2020-09-01,7750.0,7455.0
-0.1,-0.05,0.5,0.1,0.05,15,2016-01-01,2020-09-01,7907.0,7612.0
-0.1,-0.05,0.5,0.1,0.05,20,2016-01-01,2020-09-01,8203.0,7597.0
-0.1,-0.05,0.5,0.2,0.01,10,2016-01-01,2020-09-01,6469.0,6064.0
-0.1,-0.05,0.5,0.2,0.01,15,2016-01-01,2020-09-01,5462.0,5746.0
-0.1,-0.05,0.5,0.2,0.01,20,2016-01-01,2020-09-01,5304.0,5872.0
-0.1,-0.05,0.5,0.2,0.025,10,2016-01-01,2020-09-01,6605.0,8326.0
-0.1,-0.05,0.5,0.2,0.025,15,2016-01-01,2020-09-01,4714.0,8152.0
-0.1,-0.05,0.5,0.2,0.025,20,2016-01-01,2020-09-01,9151.0,8220.0
-0.1,-0.05,0.5,0.2,0.05,10,2016-01-01,2020-09-01,8825.0,7914.0
-0.1,-0.05,0.5,0.2,0.05,15,2016-01-01,2020-09-01,9355.0,7588.0
-0.1,-0.05,0.5,0.2,0.05,20,2016-01-01,2020-09-01,8293.0,7651.0
-0.1,-0.05,0.5,0.3,0.01,10,2016-01-01,2020-09-01,6452.0,6054.0
-0.1,-0.05,0.5,0.3,0.01,15,2016-01-01,2020-09-01,5464.0,5749.0
-0.1,-0.05,0.5,0.3,0.01,20,2016-01-01,2020-09-01,5274.0,5873.0
-0.1,-0.05,0.5,0.3,0.025,10,2016-01-01,2020-09-01,6830.0,8348.0
-0.1,-0.05,0.5,0.3,0.025,15,2016-01-01,2020-09-01,4640.0,8060.0
-0.1,-0.05,0.5,0.3,0.025,20,2016-01-01,2020-09-01,8912.0,8202.0
-0.1,-0.05,0.5,0.3,0.05,10,2016-01-01,2020-09-01,8890.0,7785.0
-0.1,-0.05,0.5,0.3,0.05,15,2016-01-01,2020-09-01,8633.0,7586.0
-0.1,-0.05,0.5,0.3,0.05,20,2016-01-01,2020-09-01,8171.0,6934.0
-0.1,-0.05,0.2,0.1,0.01,10,2016-01-01,2020-09-01,6126.0,6213.0
-0.1,-0.05,0.2,0.1,0.01,15,2016-01-01,2020-09-01,5288.0,5284.0
-0.1,-0.05,0.2,0.1,0.01,20,2016-01-01,2020-09-01,4841.0,5661.0
-0.1,-0.05,0.2,0.1,0.025,10,2016-01-01,2020-09-01,7913.0,8744.0
-0.1,-0.05,0.2,0.1,0.025,15,2016-01-01,2020-09-01,5446.0,8009.0
-0.1,-0.05,0.2,0.1,0.025,20,2016-01-01,2020-09-01,6834.0,8505.0
-0.1,-0.05,0.2,0.1,0.05,10,2016-01-01,2020-09-01,8885.0,7507.0
-0.1,-0.05,0.2,0.1,0.05,15,2016-01-01,2020-09-01,7547.0,7602.0
-0.1,-0.05,0.2,0.1,0.05,20,2016-01-01,2020-09-01,7895.0,7599.0
-0.1,-0.05,0.2,0.2,0.01,10,2016-01-01,2020-09-01,6085.0,6324.0
-0.1,-0.05,0.2,0.2,0.01,15,2016-01-01,2020-09-01,4972.0,5773.0
-0.1,-0.05,0.2,0.2,0.01,20,2016-01-01,2020-09-01,5191.0,6019.0
-0.1,-0.05,0.2,0.2,0.025,10,2016-01-01,2020-09-01,7013.0,8764.0
-0.1,-0.05,0.2,0.2,0.025,15,2016-01-01,2020-09-01,5082.0,8016.0
-0.1,-0.05,0.2,0.2,0.025,20,2016-01-01,2020-09-01,7357.0,8743.0
-0.1,-0.05,0.2,0.2,0.05,10,2016-01-01,2020-09-01,9323.0,7610.0
-0.1,-0.05,0.2,0.2,0.05,15,2016-01-01,2020-09-01,7973.0,7594.0
-0.1,-0.05,0.2,0.2,0.05,20,2016-01-01,2020-09-01,7978.0,7532.0
-0.1,-0.05,0.2,0.3,0.01,10,2016-01-01,2020-09-01,6094.0,6323.0
-0.1,-0.05,0.2,0.3,0.01,15,2016-01-01,2020-09-01,4968.0,5776.0
-0.1,-0.05,0.2,0.3,0.01,20,2016-01-01,2020-09-01,5150.0,6019.0
-0.1,-0.05,0.2,0.3,0.025,10,2016-01-01,2020-09-01,7317.0,8751.0
-0.1,-0.05,0.2,0.3,0.025,15,2016-01-01,2020-09-01,5029.0,8025.0
-0.1,-0.05,0.2,0.3,0.025,20,2016-01-01,2020-09-01,7493.0,8572.0
-0.1,-0.05,0.2,0.3,0.05,10,2016-01-01,2020-09-01,9218.0,7701.0
-0.1,-0.05,0.2,0.3,0.05,15,2016-01-01,2020-09-01,9437.0,7546.0
-0.1,-0.05,0.2,0.3,0.05,20,2016-01-01,2020-09-01,8247.0,7605.0
-0.1,-0.15,0.3,0.1,0.01,10,2016-01-01,2020-09-01,5667.0,6563.0
-0.1,-0.15,0.3,0.1,0.01,15,2016-01-01,2020-09-01,5449.0,5707.0
-0.1,-0.15,0.3,0.1,0.01,20,2016-01-01,2020-09-01,6113.0,5638.0
-0.1,-0.15,0.3,0.1,0.025,10,2016-01-01,2020-09-01,7164.0,8411.0
-0.1,-0.15,0.3,0.1,0.025,15,2016-01-01,2020-09-01,5083.0,8522.0
-0.1,-0.15,0.3,0.1,0.025,20,2016-01-01,2020-09-01,8506.0,9279.0
-0.1,-0.15,0.3,0.1,0.05,10,2016-01-01,2020-09-01,9262.0,7718.0
-0.1,-0.15,0.3,0.1,0.05,15,2016-01-01,2020-09-01,9797.0,8032.0
-0.1,-0.15,0.3,0.1,0.05,20,2016-01-01,2020-09-01,8306.0,7949.0
-0.1,-0.15,0.3,0.2,0.01,10,2016-01-01,2020-09-01,6226.0,6630.0
-0.1,-0.15,0.3,0.2,0.01,15,2016-01-01,2020-09-01,5608.0,5723.0
-0.1,-0.15,0.3,0.2,0.01,20,2016-01-01,2020-09-01,5952.0,5762.0
-0.1,-0.15,0.3,0.2,0.025,10,2016-01-01,2020-09-01,6342.0,8329.0
-0.1,-0.15,0.3,0.2,0.025,15,2016-01-01,2020-09-01,5068.0,8439.0
-0.1,-0.15,0.3,0.2,0.025,20,2016-01-01,2020-09-01,8313.0,9175.0
-0.1,-0.15,0.3,0.2,0.05,10,2016-01-01,2020-09-01,9009.0,7429.0
-0.1,-0.15,0.3,0.2,0.05,15,2016-01-01,2020-09-01,9216.0,8188.0
-0.1,-0.15,0.3,0.2,0.05,20,2016-01-01,2020-09-01,8126.0,8003.0
-0.1,-0.15,0.3,0.3,0.01,10,2016-01-01,2020-09-01,6232.0,6633.0
-0.1,-0.15,0.3,0.3,0.01,15,2016-01-01,2020-09-01,5605.0,5722.0
-0.1,-0.15,0.3,0.3,0.01,20,2016-01-01,2020-09-01,5328.0,5866.0
-0.1,-0.15,0.3,0.3,0.025,10,2016-01-01,2020-09-01,6470.0,8312.0
-0.1,-0.15,0.3,0.3,0.025,15,2016-01-01,2020-09-01,5290.0,8585.0
-0.1,-0.15,0.3,0.3,0.025,20,2016-01-01,2020-09-01,8057.0,8959.0
-0.1,-0.15,0.3,0.3,0.05,10,2016-01-01,2020-09-01,9540.0,7903.0
-0.1,-0.15,0.3,0.3,0.05,15,2016-01-01,2020-09-01,9778.0,8308.0
-0.1,-0.15,0.3,0.3,0.05,20,2016-01-01,2020-09-01,8346.0,7831.0
-0.1,-0.15,0.5,0.1,0.01,10,2016-01-01,2020-09-01,5648.0,6593.0
-0.1,-0.15,0.5,0.1,0.01,15,2016-01-01,2020-09-01,5459.0,5544.0
-0.1,-0.15,0.5,0.1,0.01,20,2016-01-01,2020-09-01,5863.0,5806.0
-0.1,-0.15,0.5,0.1,0.025,10,2016-01-01,2020-09-01,6424.0,8435.0
-0.1,-0.15,0.5,0.1,0.025,15,2016-01-01,2020-09-01,4959.0,8598.0
-0.1,-0.15,0.5,0.1,0.025,20,2016-01-01,2020-09-01,8690.0,8993.0
-0.1,-0.15,0.5,0.1,0.05,10,2016-01-01,2020-09-01,8103.0,7679.0
-0.1,-0.15,0.5,0.1,0.05,15,2016-01-01,2020-09-01,9227.0,8421.0
-0.1,-0.15,0.5,0.1,0.05,20,2016-01-01,2020-09-01,8248.0,7837.0
-0.1,-0.15,0.5,0.2,0.01,10,2016-01-01,2020-09-01,5791.0,6654.0
-0.1,-0.15,0.5,0.2,0.01,15,2016-01-01,2020-09-01,5625.0,5723.0
-0.1,-0.15,0.5,0.2,0.01,20,2016-01-01,2020-09-01,5929.0,5762.0
-0.1,-0.15,0.5,0.2,0.025,10,2016-01-01,2020-09-01,6438.0,8225.0
-0.1,-0.15,0.5,0.2,0.025,15,2016-01-01,2020-09-01,5041.0,8503.0
-0.1,-0.15,0.5,0.2,0.025,20,2016-01-01,2020-09-01,8887.0,8456.0
-0.1,-0.15,0.5,0.2,0.05,10,2016-01-01,2020-09-01,8887.0,7920.0
-0.1,-0.15,0.5,0.2,0.05,15,2016-01-01,2020-09-01,8890.0,8422.0
-0.1,-0.15,0.5,0.2,0.05,20,2016-01-01,2020-09-01,8443.0,8340.0
-0.1,-0.15,0.5,0.3,0.01,10,2016-01-01,2020-09-01,6358.0,6624.0
-0.1,-0.15,0.5,0.3,0.01,15,2016-01-01,2020-09-01,5618.0,5708.0
-0.1,-0.15,0.5,0.3,0.01,20,2016-01-01,2020-09-01,5329.0,5866.0
-0.1,-0.15,0.5,0.3,0.025,10,2016-01-01,2020-09-01,6447.0,8055.0
-0.1,-0.15,0.5,0.3,0.025,15,2016-01-01,2020-09-01,4695.0,8452.0
-0.1,-0.15,0.5,0.3,0.025,20,2016-01-01,2020-09-01,8920.0,8973.0
-0.1,-0.15,0.5,0.3,0.05,10,2016-01-01,2020-09-01,8886.0,7902.0
-0.1,-0.15,0.5,0.3,0.05,15,2016-01-01,2020-09-01,9145.0,8349.0
-0.1,-0.15,0.5,0.3,0.05,20,2016-01-01,2020-09-01,8160.0,7957.0
-0.1,-0.15,0.2,0.1,0.01,10,2016-01-01,2020-09-01,5913.0,6571.0
-0.1,-0.15,0.2,0.1,0.01,15,2016-01-01,2020-09-01,4717.0,5709.0
-0.1,-0.15,0.2,0.1,0.01,20,2016-01-01,2020-09-01,5221.0,6304.0
-0.1,-0.15,0.2,0.1,0.025,10,2016-01-01,2020-09-01,6998.0,8403.0
-0.1,-0.15,0.2,0.1,0.025,15,2016-01-01,2020-09-01,5791.0,8723.0
-0.1,-0.15,0.2,0.1,0.025,20,2016-01-01,2020-09-01,7242.0,8658.0
-0.1,-0.15,0.2,0.1,0.05,10,2016-01-01,2020-09-01,9105.0,7764.0
-0.1,-0.15,0.2,0.1,0.05,15,2016-01-01,2020-09-01,9178.0,8347.0
-0.1,-0.15,0.2,0.1,0.05,20,2016-01-01,2020-09-01,8135.0,7281.0
-0.1,-0.15,0.2,0.2,0.01,10,2016-01-01,2020-09-01,6496.0,6700.0
-0.1,-0.15,0.2,0.2,0.01,15,2016-01-01,2020-09-01,4788.0,5647.0
-0.1,-0.15,0.2,0.2,0.01,20,2016-01-01,2020-09-01,5179.0,5736.0
-0.1,-0.15,0.2,0.2,0.025,10,2016-01-01,2020-09-01,7405.0,8289.0
-0.1,-0.15,0.2,0.2,0.025,15,2016-01-01,2020-09-01,5395.0,8666.0
-0.1,-0.15,0.2,0.2,0.025,20,2016-01-01,2020-09-01,7536.0,9094.0
-0.1,-0.15,0.2,0.2,0.05,10,2016-01-01,2020-09-01,9489.0,8324.0
-0.1,-0.15,0.2,0.2,0.05,15,2016-01-01,2020-09-01,9484.0,8201.0
-0.1,-0.15,0.2,0.2,0.05,20,2016-01-01,2020-09-01,8167.0,7454.0
-0.1,-0.15,0.2,0.3,0.01,10,2016-01-01,2020-09-01,6417.0,6615.0
-0.1,-0.15,0.2,0.3,0.01,15,2016-01-01,2020-09-01,4788.0,5645.0
-0.1,-0.15,0.2,0.3,0.01,20,2016-01-01,2020-09-01,5137.0,6277.0
-0.1,-0.15,0.2,0.3,0.025,10,2016-01-01,2020-09-01,7378.0,8419.0
-0.1,-0.15,0.2,0.3,0.025,15,2016-01-01,2020-09-01,5358.0,8668.0
-0.1,-0.15,0.2,0.3,0.025,20,2016-01-01,2020-09-01,7031.0,9714.0
-0.1,-0.15,0.2,0.3,0.05,10,2016-01-01,2020-09-01,9467.0,7875.0
-0.1,-0.15,0.2,0.3,0.05,15,2016-01-01,2020-09-01,9509.0,8231.0
-0.1,-0.15,0.2,0.3,0.05,20,2016-01-01,2020-09-01,8036.0,8511.0
-0.2,-0.1,0.3,0.1,0.01,10,2016-01-01,2020-09-01,6372.0,6398.0
-0.2,-0.1,0.3,0.1,0.01,15,2016-01-01,2020-09-01,5425.0,5737.0
-0.2,-0.1,0.3,0.1,0.01,20,2016-01-01,2020-09-01,4936.0,5500.0
-0.2,-0.1,0.3,0.1,0.025,10,2016-01-01,2020-09-01,7103.0,9639.0
-0.2,-0.1,0.3,0.1,0.025,15,2016-01-01,2020-09-01,6056.0,8681.0
-0.2,-0.1,0.3,0.1,0.025,20,2016-01-01,2020-09-01,8988.0,9428.0
-0.2,-0.1,0.3,0.1,0.05,10,2016-01-01,2020-09-01,9783.0,8118.0
-0.2,-0.1,0.3,0.1,0.05,15,2016-01-01,2020-09-01,8145.0,8754.0
-0.2,-0.1,0.3,0.1,0.05,20,2016-01-01,2020-09-01,8683.0,8317.0
-0.2,-0.1,0.3,0.2,0.01,10,2016-01-01,2020-09-01,6073.0,6550.0
-0.2,-0.1,0.3,0.2,0.01,15,2016-01-01,2020-09-01,5566.0,5765.0
-0.2,-0.1,0.3,0.2,0.01,20,2016-01-01,2020-09-01,4927.0,5532.0
-0.2,-0.1,0.3,0.2,0.025,10,2016-01-01,2020-09-01,6985.0,9332.0
-0.2,-0.1,0.3,0.2,0.025,15,2016-01-01,2020-09-01,5599.0,8890.0
-0.2,-0.1,0.3,0.2,0.025,20,2016-01-01,2020-09-01,8370.0,9414.0
-0.2,-0.1,0.3,0.2,0.05,10,2016-01-01,2020-09-01,9267.0,7544.0
-0.2,-0.1,0.3,0.2,0.05,15,2016-01-01,2020-09-01,7908.0,8860.0
-0.2,-0.1,0.3,0.2,0.05,20,2016-01-01,2020-09-01,8855.0,9026.0
-0.2,-0.1,0.3,0.3,0.01,10,2016-01-01,2020-09-01,6459.0,6269.0
-0.2,-0.1,0.3,0.3,0.01,15,2016-01-01,2020-09-01,5563.0,5765.0
-0.2,-0.1,0.3,0.3,0.01,20,2016-01-01,2020-09-01,4917.0,5536.0
-0.2,-0.1,0.3,0.3,0.025,10,2016-01-01,2020-09-01,7048.0,9603.0
-0.2,-0.1,0.3,0.3,0.025,15,2016-01-01,2020-09-01,5306.0,8876.0
-0.2,-0.1,0.3,0.3,0.025,20,2016-01-01,2020-09-01,8461.0,9467.0
-0.2,-0.1,0.3,0.3,0.05,10,2016-01-01,2020-09-01,9444.0,8629.0
-0.2,-0.1,0.3,0.3,0.05,15,2016-01-01,2020-09-01,7985.0,8967.0
-0.2,-0.1,0.3,0.3,0.05,20,2016-01-01,2020-09-01,8864.0,8906.0
-0.2,-0.1,0.5,0.1,0.01,10,2016-01-01,2020-09-01,5961.0,6444.0
-0.2,-0.1,0.5,0.1,0.01,15,2016-01-01,2020-09-01,5550.0,5833.0
-0.2,-0.1,0.5,0.1,0.01,20,2016-01-01,2020-09-01,4270.0,5504.0
-0.2,-0.1,0.5,0.1,0.025,10,2016-01-01,2020-09-01,7017.0,8944.0
-0.2,-0.1,0.5,0.1,0.025,15,2016-01-01,2020-09-01,5139.0,8900.0
-0.2,-0.1,0.5,0.1,0.025,20,2016-01-01,2020-09-01,7977.0,9085.0
-0.2,-0.1,0.5,0.1,0.05,10,2016-01-01,2020-09-01,8007.0,8300.0
-0.2,-0.1,0.5,0.1,0.05,15,2016-01-01,2020-09-01,7886.0,8696.0
-0.2,-0.1,0.5,0.1,0.05,20,2016-01-01,2020-09-01,8185.0,8250.0
-0.2,-0.1,0.5,0.2,0.01,10,2016-01-01,2020-09-01,6192.0,6544.0
-0.2,-0.1,0.5,0.2,0.01,15,2016-01-01,2020-09-01,5566.0,5765.0
-0.2,-0.1,0.5,0.2,0.01,20,2016-01-01,2020-09-01,4910.0,5531.0
-0.2,-0.1,0.5,0.2,0.025,10,2016-01-01,2020-09-01,6656.0,9315.0
-0.2,-0.1,0.5,0.2,0.025,15,2016-01-01,2020-09-01,5321.0,8884.0
-0.2,-0.1,0.5,0.2,0.025,20,2016-01-01,2020-09-01,7531.0,8766.0
-0.2,-0.1,0.5,0.2,0.05,10,2016-01-01,2020-09-01,8199.0,7786.0
-0.2,-0.1,0.5,0.2,0.05,15,2016-01-01,2020-09-01,8748.0,8954.0
-0.2,-0.1,0.5,0.2,0.05,20,2016-01-01,2020-09-01,8195.0,8699.0
-0.2,-0.1,0.5,0.3,0.01,10,2016-01-01,2020-09-01,6273.0,6417.0
-0.2,-0.1,0.5,0.3,0.01,15,2016-01-01,2020-09-01,5569.0,5765.0
-0.2,-0.1,0.5,0.3,0.01,20,2016-01-01,2020-09-01,4227.0,5537.0
-0.2,-0.1,0.5,0.3,0.025,10,2016-01-01,2020-09-01,7144.0,9176.0
-0.2,-0.1,0.5,0.3,0.025,15,2016-01-01,2020-09-01,5302.0,8878.0
-0.2,-0.1,0.5,0.3,0.025,20,2016-01-01,2020-09-01,7477.0,8718.0
-0.2,-0.1,0.5,0.3,0.05,10,2016-01-01,2020-09-01,8745.0,8560.0
-0.2,-0.1,0.5,0.3,0.05,15,2016-01-01,2020-09-01,8825.0,8986.0
-0.2,-0.1,0.5,0.3,0.05,20,2016-01-01,2020-09-01,8147.0,8639.0
-0.2,-0.1,0.2,0.1,0.01,10,2016-01-01,2020-09-01,6497.0,6392.0
-0.2,-0.1,0.2,0.1,0.01,15,2016-01-01,2020-09-01,5573.0,5823.0
-0.2,-0.1,0.2,0.1,0.01,20,2016-01-01,2020-09-01,4937.0,5484.0
-0.2,-0.1,0.2,0.1,0.025,10,2016-01-01,2020-09-01,6398.0,8994.0
-0.2,-0.1,0.2,0.1,0.025,15,2016-01-01,2020-09-01,6022.0,8935.0
-0.2,-0.1,0.2,0.1,0.025,20,2016-01-01,2020-09-01,7581.0,9112.0
-0.2,-0.1,0.2,0.1,0.05,10,2016-01-01,2020-09-01,9361.0,8341.0
-0.2,-0.1,0.2,0.1,0.05,15,2016-01-01,2020-09-01,8276.0,8697.0
-0.2,-0.1,0.2,0.1,0.05,20,2016-01-01,2020-09-01,8276.0,8194.0
-0.2,-0.1,0.2,0.2,0.01,10,2016-01-01,2020-09-01,6371.0,6390.0
-0.2,-0.1,0.2,0.2,0.01,15,2016-01-01,2020-09-01,5575.0,5687.0
-0.2,-0.1,0.2,0.2,0.01,20,2016-01-01,2020-09-01,4950.0,5553.0
-0.2,-0.1,0.2,0.2,0.025,10,2016-01-01,2020-09-01,6983.0,8950.0
-0.2,-0.1,0.2,0.2,0.025,15,2016-01-01,2020-09-01,6881.0,8848.0
-0.2,-0.1,0.2,0.2,0.025,20,2016-01-01,2020-09-01,7595.0,9524.0
-0.2,-0.1,0.2,0.2,0.05,10,2016-01-01,2020-09-01,9585.0,8631.0
-0.2,-0.1,0.2,0.2,0.05,15,2016-01-01,2020-09-01,7769.0,9069.0
-0.2,-0.1,0.2,0.2,0.05,20,2016-01-01,2020-09-01,8151.0,8171.0
-0.2,-0.1,0.2,0.3,0.01,10,2016-01-01,2020-09-01,6358.0,6516.0
-0.2,-0.1,0.2,0.3,0.01,15,2016-01-01,2020-09-01,5569.0,5686.0
-0.2,-0.1,0.2,0.3,0.01,20,2016-01-01,2020-09-01,4905.0,5558.0
-0.2,-0.1,0.2,0.3,0.025,10,2016-01-01,2020-09-01,7824.0,9168.0
-0.2,-0.1,0.2,0.3,0.025,15,2016-01-01,2020-09-01,6377.0,8854.0
-0.2,-0.1,0.2,0.3,0.025,20,2016-01-01,2020-09-01,7440.0,9529.0
-0.2,-0.1,0.2,0.3,0.05,10,2016-01-01,2020-09-01,8136.0,7934.0
-0.2,-0.1,0.2,0.3,0.05,15,2016-01-01,2020-09-01,7917.0,8980.0
-0.2,-0.1,0.2,0.3,0.05,20,2016-01-01,2020-09-01,8256.0,7898.0
-0.2,-0.05,0.3,0.1,0.01,10,2016-01-01,2020-09-01,6688.0,6180.0
-0.2,-0.05,0.3,0.1,0.01,15,2016-01-01,2020-09-01,5259.0,5385.0
-0.2,-0.05,0.3,0.1,0.01,20,2016-01-01,2020-09-01,5721.0,5495.0
-0.2,-0.05,0.3,0.1,0.025,10,2016-01-01,2020-09-01,7167.0,9330.0
-0.2,-0.05,0.3,0.1,0.025,15,2016-01-01,2020-09-01,5343.0,8847.0
-0.2,-0.05,0.3,0.1,0.025,20,2016-01-01,2020-09-01,8265.0,8962.0
-0.2,-0.05,0.3,0.1,0.05,10,2016-01-01,2020-09-01,7876.0,7444.0
-0.2,-0.05,0.3,0.1,0.05,15,2016-01-01,2020-09-01,7834.0,7972.0
-0.2,-0.05,0.3,0.1,0.05,20,2016-01-01,2020-09-01,8751.0,7331.0
-0.2,-0.05,0.3,0.2,0.01,10,2016-01-01,2020-09-01,6158.0,6140.0
-0.2,-0.05,0.3,0.2,0.01,15,2016-01-01,2020-09-01,4985.0,5580.0
-0.2,-0.05,0.3,0.2,0.01,20,2016-01-01,2020-09-01,5039.0,5695.0
-0.2,-0.05,0.3,0.2,0.025,10,2016-01-01,2020-09-01,6585.0,9101.0
-0.2,-0.05,0.3,0.2,0.025,15,2016-01-01,2020-09-01,5187.0,8394.0
-0.2,-0.05,0.3,0.2,0.025,20,2016-01-01,2020-09-01,7611.0,8751.0
-0.2,-0.05,0.3,0.2,0.05,10,2016-01-01,2020-09-01,7734.0,8031.0
-0.2,-0.05,0.3,0.2,0.05,15,2016-01-01,2020-09-01,7527.0,8088.0
-0.2,-0.05,0.3,0.2,0.05,20,2016-01-01,2020-09-01,8530.0,7993.0
-0.2,-0.05,0.3,0.3,0.01,10,2016-01-01,2020-09-01,6151.0,6138.0
-0.2,-0.05,0.3,0.3,0.01,15,2016-01-01,2020-09-01,4984.0,5580.0
-0.2,-0.05,0.3,0.3,0.01,20,2016-01-01,2020-09-01,6152.0,5675.0
-0.2,-0.05,0.3,0.3,0.025,10,2016-01-01,2020-09-01,6480.0,9172.0
-0.2,-0.05,0.3,0.3,0.025,15,2016-01-01,2020-09-01,5198.0,8201.0
-0.2,-0.05,0.3,0.3,0.025,20,2016-01-01,2020-09-01,7605.0,8585.0
-0.2,-0.05,0.3,0.3,0.05,10,2016-01-01,2020-09-01,7712.0,7990.0
-0.2,-0.05,0.3,0.3,0.05,15,2016-01-01,2020-09-01,7531.0,8112.0
-0.2,-0.05,0.3,0.3,0.05,20,2016-01-01,2020-09-01,8488.0,7260.0
-0.2,-0.05,0.5,0.1,0.01,10,2016-01-01,2020-09-01,6688.0,6180.0
-0.2,-0.05,0.5,0.1,0.01,15,2016-01-01,2020-09-01,5259.0,5366.0
-0.2,-0.05,0.5,0.1,0.01,20,2016-01-01,2020-09-01,5625.0,5919.0
-0.2,-0.05,0.5,0.1,0.025,10,2016-01-01,2020-09-01,6704.0,8747.0
-0.2,-0.05,0.5,0.1,0.025,15,2016-01-01,2020-09-01,5097.0,8720.0
-0.2,-0.05,0.5,0.1,0.025,20,2016-01-01,2020-09-01,8038.0,9145.0
-0.2,-0.05,0.5,0.1,0.05,10,2016-01-01,2020-09-01,8952.0,8096.0
-0.2,-0.05,0.5,0.1,0.05,15,2016-01-01,2020-09-01,8160.0,8428.0
-0.2,-0.05,0.5,0.1,0.05,20,2016-01-01,2020-09-01,8013.0,7321.0
-0.2,-0.05,0.5,0.2,0.01,10,2016-01-01,2020-09-01,6161.0,6133.0
-0.2,-0.05,0.5,0.2,0.01,15,2016-01-01,2020-09-01,4999.0,5580.0
-0.2,-0.05,0.5,0.2,0.01,20,2016-01-01,2020-09-01,5022.0,5696.0
-0.2,-0.05,0.5,0.2,0.025,10,2016-01-01,2020-09-01,6562.0,9114.0
-0.2,-0.05,0.5,0.2,0.025,15,2016-01-01,2020-09-01,5120.0,8256.0
-0.2,-0.05,0.5,0.2,0.025,20,2016-01-01,2020-09-01,7046.0,8640.0
-0.2,-0.05,0.5,0.2,0.05,10,2016-01-01,2020-09-01,9360.0,7321.0
-0.2,-0.05,0.5,0.2,0.05,15,2016-01-01,2020-09-01,8194.0,8271.0
-0.2,-0.05,0.5,0.2,0.05,20,2016-01-01,2020-09-01,8530.0,7900.0
-0.2,-0.05,0.5,0.3,0.01,10,2016-01-01,2020-09-01,6165.0,6132.0
-0.2,-0.05,0.5,0.3,0.01,15,2016-01-01,2020-09-01,4999.0,5580.0
-0.2,-0.05,0.5,0.3,0.01,20,2016-01-01,2020-09-01,5616.0,5540.0
-0.2,-0.05,0.5,0.3,0.025,10,2016-01-01,2020-09-01,6587.0,9161.0
-0.2,-0.05,0.5,0.3,0.025,15,2016-01-01,2020-09-01,5057.0,8475.0
-0.2,-0.05,0.5,0.3,0.025,20,2016-01-01,2020-09-01,7009.0,8610.0
-0.2,-0.05,0.5,0.3,0.05,10,2016-01-01,2020-09-01,9424.0,8104.0
-0.2,-0.05,0.5,0.3,0.05,15,2016-01-01,2020-09-01,8208.0,8344.0
-0.2,-0.05,0.5,0.3,0.05,20,2016-01-01,2020-09-01,8451.0,7888.0
-0.2,-0.05,0.2,0.1,0.01,10,2016-01-01,2020-09-01,5582.0,6398.0
-0.2,-0.05,0.2,0.1,0.01,15,2016-01-01,2020-09-01,5334.0,5363.0
-0.2,-0.05,0.2,0.1,0.01,20,2016-01-01,2020-09-01,4876.0,5546.0
-0.2,-0.05,0.2,0.1,0.025,10,2016-01-01,2020-09-01,7170.0,8941.0
-0.2,-0.05,0.2,0.1,0.025,15,2016-01-01,2020-09-01,5167.0,8525.0
-0.2,-0.05,0.2,0.1,0.025,20,2016-01-01,2020-09-01,7557.0,9133.0
-0.2,-0.05,0.2,0.1,0.05,10,2016-01-01,2020-09-01,8888.0,8075.0
-0.2,-0.05,0.2,0.1,0.05,15,2016-01-01,2020-09-01,7994.0,8215.0
-0.2,-0.05,0.2,0.1,0.05,20,2016-01-01,2020-09-01,8026.0,7348.0
-0.2,-0.05,0.2,0.2,0.01,10,2016-01-01,2020-09-01,5546.0,6411.0
-0.2,-0.05,0.2,0.2,0.01,15,2016-01-01,2020-09-01,5025.0,5579.0
-0.2,-0.05,0.2,0.2,0.01,20,2016-01-01,2020-09-01,5647.0,5543.0
-0.2,-0.05,0.2,0.2,0.025,10,2016-01-01,2020-09-01,7328.0,8917.0
-0.2,-0.05,0.2,0.2,0.025,15,2016-01-01,2020-09-01,5232.0,8426.0
-0.2,-0.05,0.2,0.2,0.025,20,2016-01-01,2020-09-01,7346.0,9531.0
-0.2,-0.05,0.2,0.2,0.05,10,2016-01-01,2020-09-01,8984.0,7990.0
-0.2,-0.05,0.2,0.2,0.05,15,2016-01-01,2020-09-01,7549.0,8234.0
-0.2,-0.05,0.2,0.2,0.05,20,2016-01-01,2020-09-01,8021.0,7106.0
-0.2,-0.05,0.2,0.3,0.01,10,2016-01-01,2020-09-01,5555.0,6404.0
-0.2,-0.05,0.2,0.3,0.01,15,2016-01-01,2020-09-01,5025.0,5579.0
-0.2,-0.05,0.2,0.3,0.01,20,2016-01-01,2020-09-01,5623.0,5543.0
-0.2,-0.05,0.2,0.3,0.025,10,2016-01-01,2020-09-01,7168.0,9300.0
-0.2,-0.05,0.2,0.3,0.025,15,2016-01-01,2020-09-01,5203.0,8400.0
-0.2,-0.05,0.2,0.3,0.025,20,2016-01-01,2020-09-01,7505.0,9506.0
-0.2,-0.05,0.2,0.3,0.05,10,2016-01-01,2020-09-01,9000.0,8033.0
-0.2,-0.05,0.2,0.3,0.05,15,2016-01-01,2020-09-01,7526.0,8189.0
-0.2,-0.05,0.2,0.3,0.05,20,2016-01-01,2020-09-01,7975.0,7110.0
-0.2,-0.15,0.3,0.1,0.01,10,2016-01-01,2020-09-01,6314.0,6559.0
-0.2,-0.15,0.3,0.1,0.01,15,2016-01-01,2020-09-01,5380.0,5770.0
-0.2,-0.15,0.3,0.1,0.01,20,2016-01-01,2020-09-01,4955.0,5723.0
-0.2,-0.15,0.3,0.1,0.025,10,2016-01-01,2020-09-01,7415.0,9492.0
-0.2,-0.15,0.3,0.1,0.025,15,2016-01-01,2020-09-01,5616.0,9035.0
-0.2,-0.15,0.3,0.1,0.025,20,2016-01-01,2020-09-01,8522.0,9394.0
-0.2,-0.15,0.3,0.1,0.05,10,2016-01-01,2020-09-01,9615.0,8364.0
-0.2,-0.15,0.3,0.1,0.05,15,2016-01-01,2020-09-01,8159.0,8782.0
-0.2,-0.15,0.3,0.1,0.05,20,2016-01-01,2020-09-01,8732.0,8344.0
-0.2,-0.15,0.3,0.2,0.01,10,2016-01-01,2020-09-01,5930.0,6661.0
-0.2,-0.15,0.3,0.2,0.01,15,2016-01-01,2020-09-01,5505.0,5705.0
-0.2,-0.15,0.3,0.2,0.01,20,2016-01-01,2020-09-01,5744.0,5603.0
-0.2,-0.15,0.3,0.2,0.025,10,2016-01-01,2020-09-01,7037.0,9310.0
-0.2,-0.15,0.3,0.2,0.025,15,2016-01-01,2020-09-01,5309.0,9014.0
-0.2,-0.15,0.3,0.2,0.025,20,2016-01-01,2020-09-01,7773.0,9512.0
-0.2,-0.15,0.3,0.2,0.05,10,2016-01-01,2020-09-01,9518.0,8287.0
-0.2,-0.15,0.3,0.2,0.05,15,2016-01-01,2020-09-01,8044.0,9110.0
-0.2,-0.15,0.3,0.2,0.05,20,2016-01-01,2020-09-01,8651.0,9010.0
-0.2,-0.15,0.3,0.3,0.01,10,2016-01-01,2020-09-01,5680.0,6678.0
-0.2,-0.15,0.3,0.3,0.01,15,2016-01-01,2020-09-01,5503.0,5705.0
-0.2,-0.15,0.3,0.3,0.01,20,2016-01-01,2020-09-01,5752.0,5603.0
-0.2,-0.15,0.3,0.3,0.025,10,2016-01-01,2020-09-01,6831.0,9301.0
-0.2,-0.15,0.3,0.3,0.025,15,2016-01-01,2020-09-01,5725.0,8939.0
-0.2,-0.15,0.3,0.3,0.025,20,2016-01-01,2020-09-01,7837.0,9507.0
-0.2,-0.15,0.3,0.3,0.05,10,2016-01-01,2020-09-01,9438.0,8633.0
-0.2,-0.15,0.3,0.3,0.05,15,2016-01-01,2020-09-01,9436.0,8853.0
-0.2,-0.15,0.3,0.3,0.05,20,2016-01-01,2020-09-01,8508.0,7200.0
-0.2,-0.15,0.5,0.1,0.01,10,2016-01-01,2020-09-01,6311.0,6559.0
-0.2,-0.15,0.5,0.1,0.01,15,2016-01-01,2020-09-01,5353.0,5770.0
-0.2,-0.15,0.5,0.1,0.01,20,2016-01-01,2020-09-01,4297.0,5717.0
-0.2,-0.15,0.5,0.1,0.025,10,2016-01-01,2020-09-01,6620.0,9530.0
-0.2,-0.15,0.5,0.1,0.025,15,2016-01-01,2020-09-01,5138.0,9018.0
-0.2,-0.15,0.5,0.1,0.025,20,2016-01-01,2020-09-01,8201.0,9458.0
-0.2,-0.15,0.5,0.1,0.05,10,2016-01-01,2020-09-01,8130.0,8559.0
-0.2,-0.15,0.5,0.1,0.05,15,2016-01-01,2020-09-01,7831.0,8946.0
-0.2,-0.15,0.5,0.1,0.05,20,2016-01-01,2020-09-01,8544.0,8242.0
-0.2,-0.15,0.5,0.2,0.01,10,2016-01-01,2020-09-01,5727.0,6681.0
-0.2,-0.15,0.5,0.2,0.01,15,2016-01-01,2020-09-01,5433.0,5787.0
-0.2,-0.15,0.5,0.2,0.01,20,2016-01-01,2020-09-01,4940.0,5591.0
-0.2,-0.15,0.5,0.2,0.025,10,2016-01-01,2020-09-01,6704.0,9390.0
-0.2,-0.15,0.5,0.2,0.025,15,2016-01-01,2020-09-01,5390.0,8915.0
-0.2,-0.15,0.5,0.2,0.025,20,2016-01-01,2020-09-01,8507.0,9535.0
-0.2,-0.15,0.5,0.2,0.05,10,2016-01-01,2020-09-01,9026.0,8788.0
-0.2,-0.15,0.5,0.2,0.05,15,2016-01-01,2020-09-01,8122.0,8863.0
-0.2,-0.15,0.5,0.2,0.05,20,2016-01-01,2020-09-01,8695.0,8456.0
-0.2,-0.15,0.5,0.3,0.01,10,2016-01-01,2020-09-01,5686.0,6665.0
-0.2,-0.15,0.5,0.3,0.01,15,2016-01-01,2020-09-01,5430.0,5786.0
-0.2,-0.15,0.5,0.3,0.01,20,2016-01-01,2020-09-01,4950.0,5592.0
-0.2,-0.15,0.5,0.3,0.025,10,2016-01-01,2020-09-01,6942.0,9352.0
-0.2,-0.15,0.5,0.3,0.025,15,2016-01-01,2020-09-01,5404.0,8927.0
-0.2,-0.15,0.5,0.3,0.025,20,2016-01-01,2020-09-01,8496.0,9600.0
-0.2,-0.15,0.5,0.3,0.05,10,2016-01-01,2020-09-01,8907.0,9108.0
-0.2,-0.15,0.5,0.3,0.05,15,2016-01-01,2020-09-01,8231.0,9320.0
-0.2,-0.15,0.5,0.3,0.05,20,2016-01-01,2020-09-01,8451.0,8704.0
-0.2,-0.15,0.2,0.1,0.01,10,2016-01-01,2020-09-01,6776.0,6447.0
-0.2,-0.15,0.2,0.1,0.01,15,2016-01-01,2020-09-01,5412.0,5773.0
-0.2,-0.15,0.2,0.1,0.01,20,2016-01-01,2020-09-01,4827.0,5742.0
-0.2,-0.15,0.2,0.1,0.025,10,2016-01-01,2020-09-01,7826.0,9455.0
-0.2,-0.15,0.2,0.1,0.025,15,2016-01-01,2020-09-01,5541.0,8893.0
-0.2,-0.15,0.2,0.1,0.025,20,2016-01-01,2020-09-01,7135.0,9608.0
-0.2,-0.15,0.2,0.1,0.05,10,2016-01-01,2020-09-01,9471.0,8309.0
-0.2,-0.15,0.2,0.1,0.05,15,2016-01-01,2020-09-01,8223.0,8780.0
-0.2,-0.15,0.2,0.1,0.05,20,2016-01-01,2020-09-01,8138.0,8800.0
-0.2,-0.15,0.2,0.2,0.01,10,2016-01-01,2020-09-01,6065.0,6643.0
-0.2,-0.15,0.2,0.2,0.01,15,2016-01-01,2020-09-01,5525.0,5700.0
-0.2,-0.15,0.2,0.2,0.01,20,2016-01-01,2020-09-01,4827.0,5606.0
-0.2,-0.15,0.2,0.2,0.025,10,2016-01-01,2020-09-01,7914.0,9416.0
-0.2,-0.15,0.2,0.2,0.025,15,2016-01-01,2020-09-01,5472.0,9046.0
-0.2,-0.15,0.2,0.2,0.025,20,2016-01-01,2020-09-01,7696.0,9787.0
-0.2,-0.15,0.2,0.2,0.05,10,2016-01-01,2020-09-01,9537.0,8737.0
-0.2,-0.15,0.2,0.2,0.05,15,2016-01-01,2020-09-01,7968.0,9557.0
-0.2,-0.15,0.2,0.2,0.05,20,2016-01-01,2020-09-01,8440.0,8705.0
-0.2,-0.15,0.2,0.3,0.01,10,2016-01-01,2020-09-01,6435.0,6418.0
-0.2,-0.15,0.2,0.3,0.01,15,2016-01-01,2020-09-01,5519.0,5867.0
-0.2,-0.15,0.2,0.3,0.01,20,2016-01-01,2020-09-01,5580.0,5583.0
-0.2,-0.15,0.2,0.3,0.025,10,2016-01-01,2020-09-01,7475.0,9443.0
-0.2,-0.15,0.2,0.3,0.025,15,2016-01-01,2020-09-01,5300.0,8825.0
-0.2,-0.15,0.2,0.3,0.025,20,2016-01-01,2020-09-01,7309.0,9749.0
-0.2,-0.15,0.2,0.3,0.05,10,2016-01-01,2020-09-01,9728.0,7680.0
-0.2,-0.15,0.2,0.3,0.05,15,2016-01-01,2020-09-01,9682.0,8893.0
-0.2,-0.15,0.2,0.3,0.05,20,2016-01-01,2020-09-01,8133.0,8301.0
-0.3,-0.1,0.3,0.1,0.01,10,2016-01-01,2020-09-01,5987.0,6502.0
-0.3,-0.1,0.3,0.1,0.01,15,2016-01-01,2020-09-01,5424.0,5707.0
-0.3,-0.1,0.3,0.1,0.01,20,2016-01-01,2020-09-01,4951.0,5522.0
-0.3,-0.1,0.3,0.1,0.025,10,2016-01-01,2020-09-01,7198.0,9196.0
-0.3,-0.1,0.3,0.1,0.025,15,2016-01-01,2020-09-01,5805.0,8914.0
-0.3,-0.1,0.3,0.1,0.025,20,2016-01-01,2020-09-01,7785.0,9378.0
-0.3,-0.1,0.3,0.1,0.05,10,2016-01-01,2020-09-01,9524.0,8422.0
-0.3,-0.1,0.3,0.1,0.05,15,2016-01-01,2020-09-01,8049.0,8830.0
-0.3,-0.1,0.3,0.1,0.05,20,2016-01-01,2020-09-01,8557.0,8064.0
-0.3,-0.1,0.3,0.2,0.01,10,2016-01-01,2020-09-01,6174.0,6622.0
-0.3,-0.1,0.3,0.2,0.01,15,2016-01-01,2020-09-01,5566.0,5727.0
-0.3,-0.1,0.3,0.2,0.01,20,2016-01-01,2020-09-01,5742.0,5642.0
-0.3,-0.1,0.3,0.2,0.025,10,2016-01-01,2020-09-01,6788.0,9369.0
-0.3,-0.1,0.3,0.2,0.025,15,2016-01-01,2020-09-01,5908.0,8895.0
-0.3,-0.1,0.3,0.2,0.025,20,2016-01-01,2020-09-01,8780.0,9510.0
-0.3,-0.1,0.3,0.2,0.05,10,2016-01-01,2020-09-01,9265.0,8656.0
-0.3,-0.1,0.3,0.2,0.05,15,2016-01-01,2020-09-01,8042.0,9230.0
-0.3,-0.1,0.3,0.2,0.05,20,2016-01-01,2020-09-01,8580.0,9605.0
-0.3,-0.1,0.3,0.3,0.01,10,2016-01-01,2020-09-01,6549.0,6397.0
-0.3,-0.1,0.3,0.3,0.01,15,2016-01-01,2020-09-01,5563.0,5726.0
-0.3,-0.1,0.3,0.3,0.01,20,2016-01-01,2020-09-01,5735.0,5643.0
-0.3,-0.1,0.3,0.3,0.025,10,2016-01-01,2020-09-01,7508.0,9226.0
-0.3,-0.1,0.3,0.3,0.025,15,2016-01-01,2020-09-01,5869.0,8876.0
-0.3,-0.1,0.3,0.3,0.025,20,2016-01-01,2020-09-01,8459.0,9503.0
-0.3,-0.1,0.3,0.3,0.05,10,2016-01-01,2020-09-01,9230.0,8653.0
-0.3,-0.1,0.3,0.3,0.05,15,2016-01-01,2020-09-01,8143.0,9330.0
-0.3,-0.1,0.3,0.3,0.05,20,2016-01-01,2020-09-01,8590.0,9464.0
-0.3,-0.1,0.5,0.1,0.01,10,2016-01-01,2020-09-01,5986.0,6502.0
-0.3,-0.1,0.5,0.1,0.01,15,2016-01-01,2020-09-01,5550.0,5938.0
-0.3,-0.1,0.5,0.1,0.01,20,2016-01-01,2020-09-01,4295.0,5509.0
-0.3,-0.1,0.5,0.1,0.025,10,2016-01-01,2020-09-01,6009.0,9738.0
-0.3,-0.1,0.5,0.1,0.025,15,2016-01-01,2020-09-01,4986.0,9270.0
-0.3,-0.1,0.5,0.1,0.025,20,2016-01-01,2020-09-01,8433.0,9251.0
-0.3,-0.1,0.5,0.1,0.05,10,2016-01-01,2020-09-01,8262.0,8503.0
-0.3,-0.1,0.5,0.1,0.05,15,2016-01-01,2020-09-01,8903.0,8847.0
-0.3,-0.1,0.5,0.1,0.05,20,2016-01-01,2020-09-01,8149.0,8773.0
-0.3,-0.1,0.5,0.2,0.01,10,2016-01-01,2020-09-01,6168.0,6623.0
-0.3,-0.1,0.5,0.2,0.01,15,2016-01-01,2020-09-01,5566.0,5727.0
-0.3,-0.1,0.5,0.2,0.01,20,2016-01-01,2020-09-01,4997.0,5635.0
-0.3,-0.1,0.5,0.2,0.025,10,2016-01-01,2020-09-01,5713.0,9634.0
-0.3,-0.1,0.5,0.2,0.025,15,2016-01-01,2020-09-01,5138.0,8821.0
-0.3,-0.1,0.5,0.2,0.025,20,2016-01-01,2020-09-01,7564.0,9366.0
-0.3,-0.1,0.5,0.2,0.05,10,2016-01-01,2020-09-01,7980.0,8905.0
-0.3,-0.1,0.5,0.2,0.05,15,2016-01-01,2020-09-01,9022.0,9353.0
-0.3,-0.1,0.5,0.2,0.05,20,2016-01-01,2020-09-01,8223.0,8374.0
-0.3,-0.1,0.5,0.3,0.01,10,2016-01-01,2020-09-01,6680.0,6545.0
-0.3,-0.1,0.5,0.3,0.01,15,2016-01-01,2020-09-01,5569.0,5726.0
-0.3,-0.1,0.5,0.3,0.01,20,2016-01-01,2020-09-01,4307.0,5601.0
-0.3,-0.1,0.5,0.3,0.025,10,2016-01-01,2020-09-01,5734.0,9667.0
-0.3,-0.1,0.5,0.3,0.025,15,2016-01-01,2020-09-01,5084.0,8821.0
-0.3,-0.1,0.5,0.3,0.025,20,2016-01-01,2020-09-01,7844.0,9455.0
-0.3,-0.1,0.5,0.3,0.05,10,2016-01-01,2020-09-01,8054.0,8821.0
-0.3,-0.1,0.5,0.3,0.05,15,2016-01-01,2020-09-01,9438.0,8944.0
-0.3,-0.1,0.5,0.3,0.05,20,2016-01-01,2020-09-01,8230.0,9398.0
-0.3,-0.1,0.2,0.1,0.01,10,2016-01-01,2020-09-01,6791.0,6440.0
-0.3,-0.1,0.2,0.1,0.01,15,2016-01-01,2020-09-01,5573.0,5937.0
-0.3,-0.1,0.2,0.1,0.01,20,2016-01-01,2020-09-01,4925.0,5520.0
-0.3,-0.1,0.2,0.1,0.025,10,2016-01-01,2020-09-01,6909.0,8923.0
-0.3,-0.1,0.2,0.1,0.025,15,2016-01-01,2020-09-01,5705.0,8929.0
-0.3,-0.1,0.2,0.1,0.025,20,2016-01-01,2020-09-01,7311.0,9272.0
-0.3,-0.1,0.2,0.1,0.05,10,2016-01-01,2020-09-01,9797.0,9033.0
-0.3,-0.1,0.2,0.1,0.05,15,2016-01-01,2020-09-01,7975.0,9263.0
-0.3,-0.1,0.2,0.1,0.05,20,2016-01-01,2020-09-01,8329.0,8908.0
-0.3,-0.1,0.2,0.2,0.01,10,2016-01-01,2020-09-01,6586.0,6540.0
-0.3,-0.1,0.2,0.2,0.01,15,2016-01-01,2020-09-01,5572.0,5637.0
-0.3,-0.1,0.2,0.2,0.01,20,2016-01-01,2020-09-01,4972.0,5687.0
-0.3,-0.1,0.2,0.2,0.025,10,2016-01-01,2020-09-01,7232.0,9386.0
-0.3,-0.1,0.2,0.2,0.025,15,2016-01-01,2020-09-01,5687.0,8778.0
-0.3,-0.1,0.2,0.2,0.025,20,2016-01-01,2020-09-01,7590.0,9475.0
-0.3,-0.1,0.2,0.2,0.05,10,2016-01-01,2020-09-01,9606.0,9341.0
-0.3,-0.1,0.2,0.2,0.05,15,2016-01-01,2020-09-01,8200.0,9654.0
-0.3,-0.1,0.2,0.2,0.05,20,2016-01-01,2020-09-01,8401.0,8815.0
-0.3,-0.1,0.2,0.3,0.01,10,2016-01-01,2020-09-01,6588.0,6581.0
-0.3,-0.1,0.2,0.3,0.01,15,2016-01-01,2020-09-01,5571.0,5636.0
-0.3,-0.1,0.2,0.3,0.01,20,2016-01-01,2020-09-01,4929.0,5697.0
-0.3,-0.1,0.2,0.3,0.025,10,2016-01-01,2020-09-01,7179.0,9359.0
-0.3,-0.1,0.2,0.3,0.025,15,2016-01-01,2020-09-01,5657.0,8790.0
-0.3,-0.1,0.2,0.3,0.025,20,2016-01-01,2020-09-01,7420.0,9407.0
-0.3,-0.1,0.2,0.3,0.05,10,2016-01-01,2020-09-01,9520.0,8941.0
-0.3,-0.1,0.2,0.3,0.05,15,2016-01-01,2020-09-01,8239.0,9556.0
-0.3,-0.1,0.2,0.3,0.05,20,2016-01-01,2020-09-01,8370.0,8799.0
-0.3,-0.05,0.3,0.1,0.01,10,2016-01-01,2020-09-01,6693.0,6180.0
-0.3,-0.05,0.3,0.1,0.01,15,2016-01-01,2020-09-01,5259.0,5385.0
-0.3,-0.05,0.3,0.1,0.01,20,2016-01-01,2020-09-01,5722.0,5495.0
-0.3,-0.05,0.3,0.1,0.025,10,2016-01-01,2020-09-01,7254.0,9152.0
-0.3,-0.05,0.3,0.1,0.025,15,2016-01-01,2020-09-01,5180.0,8826.0
-0.3,-0.05,0.3,0.1,0.025,20,2016-01-01,2020-09-01,8565.0,8949.0
-0.3,-0.05,0.3,0.1,0.05,10,2016-01-01,2020-09-01,8888.0,7866.0
-0.3,-0.05,0.3,0.1,0.05,15,2016-01-01,2020-09-01,8251.0,8116.0
-0.3,-0.05,0.3,0.1,0.05,20,2016-01-01,2020-09-01,8118.0,7918.0
-0.3,-0.05,0.3,0.2,0.01,10,2016-01-01,2020-09-01,6597.0,6155.0
-0.3,-0.05,0.3,0.2,0.01,15,2016-01-01,2020-09-01,5405.0,6219.0
-0.3,-0.05,0.3,0.2,0.01,20,2016-01-01,2020-09-01,5039.0,5668.0
-0.3,-0.05,0.3,0.2,0.025,10,2016-01-01,2020-09-01,6585.0,9308.0
-0.3,-0.05,0.3,0.2,0.025,15,2016-01-01,2020-09-01,5461.0,8946.0
-0.3,-0.05,0.3,0.2,0.025,20,2016-01-01,2020-09-01,7383.0,8668.0
-0.3,-0.05,0.3,0.2,0.05,10,2016-01-01,2020-09-01,8792.0,7862.0
-0.3,-0.05,0.3,0.2,0.05,15,2016-01-01,2020-09-01,8150.0,8209.0
-0.3,-0.05,0.3,0.2,0.05,20,2016-01-01,2020-09-01,8588.0,7325.0
-0.3,-0.05,0.3,0.3,0.01,10,2016-01-01,2020-09-01,6582.0,6153.0
-0.3,-0.05,0.3,0.3,0.01,15,2016-01-01,2020-09-01,5404.0,6219.0
-0.3,-0.05,0.3,0.3,0.01,20,2016-01-01,2020-09-01,6152.0,5670.0
-0.3,-0.05,0.3,0.3,0.025,10,2016-01-01,2020-09-01,6622.0,9488.0
-0.3,-0.05,0.3,0.3,0.025,15,2016-01-01,2020-09-01,5248.0,8965.0
-0.3,-0.05,0.3,0.3,0.025,20,2016-01-01,2020-09-01,7653.0,8655.0
-0.3,-0.05,0.3,0.3,0.05,10,2016-01-01,2020-09-01,7965.0,7952.0
-0.3,-0.05,0.3,0.3,0.05,15,2016-01-01,2020-09-01,8138.0,8248.0
-0.3,-0.05,0.3,0.3,0.05,20,2016-01-01,2020-09-01,8604.0,7245.0
-0.3,-0.05,0.5,0.1,0.01,10,2016-01-01,2020-09-01,6693.0,6180.0
-0.3,-0.05,0.5,0.1,0.01,15,2016-01-01,2020-09-01,5259.0,5371.0
-0.3,-0.05,0.5,0.1,0.01,20,2016-01-01,2020-09-01,5636.0,5919.0
-0.3,-0.05,0.5,0.1,0.025,10,2016-01-01,2020-09-01,6523.0,9447.0
-0.3,-0.05,0.5,0.1,0.025,15,2016-01-01,2020-09-01,5140.0,8644.0
-0.3,-0.05,0.5,0.1,0.025,20,2016-01-01,2020-09-01,7486.0,8849.0
-0.3,-0.05,0.5,0.1,0.05,10,2016-01-01,2020-09-01,7750.0,7767.0
-0.3,-0.05,0.5,0.1,0.05,15,2016-01-01,2020-09-01,7827.0,8238.0
-0.3,-0.05,0.5,0.1,0.05,20,2016-01-01,2020-09-01,7983.0,7308.0
-0.3,-0.05,0.5,0.2,0.01,10,2016-01-01,2020-09-01,6591.0,6160.0
-0.3,-0.05,0.5,0.2,0.01,15,2016-01-01,2020-09-01,5408.0,6219.0
-0.3,-0.05,0.5,0.2,0.01,20,2016-01-01,2020-09-01,5022.0,5695.0
-0.3,-0.05,0.5,0.2,0.025,10,2016-01-01,2020-09-01,6523.0,8980.0
-0.3,-0.05,0.5,0.2,0.025,15,2016-01-01,2020-09-01,5096.0,8825.0
-0.3,-0.05,0.5,0.2,0.025,20,2016-01-01,2020-09-01,7563.0,9391.0
-0.3,-0.05,0.5,0.2,0.05,10,2016-01-01,2020-09-01,7664.0,8145.0
-0.3,-0.05,0.5,0.2,0.05,15,2016-01-01,2020-09-01,7759.0,8175.0
-0.3,-0.05,0.5,0.2,0.05,20,2016-01-01,2020-09-01,8069.0,7234.0
-0.3,-0.05,0.5,0.3,0.01,10,2016-01-01,2020-09-01,6577.0,6157.0
-0.3,-0.05,0.5,0.3,0.01,15,2016-01-01,2020-09-01,5407.0,6219.0
-0.3,-0.05,0.5,0.3,0.01,20,2016-01-01,2020-09-01,5615.0,5533.0
-0.3,-0.05,0.5,0.3,0.025,10,2016-01-01,2020-09-01,6567.0,8977.0
-0.3,-0.05,0.5,0.3,0.025,15,2016-01-01,2020-09-01,5053.0,8863.0
-0.3,-0.05,0.5,0.3,0.025,20,2016-01-01,2020-09-01,7876.0,9363.0
-0.3,-0.05,0.5,0.3,0.05,10,2016-01-01,2020-09-01,7673.0,8227.0
-0.3,-0.05,0.5,0.3,0.05,15,2016-01-01,2020-09-01,7765.0,7879.0
-0.3,-0.05,0.5,0.3,0.05,20,2016-01-01,2020-09-01,8059.0,7225.0
-0.3,-0.05,0.2,0.1,0.01,10,2016-01-01,2020-09-01,5875.0,6384.0
-0.3,-0.05,0.2,0.1,0.01,15,2016-01-01,2020-09-01,5334.0,5363.0
-0.3,-0.05,0.2,0.1,0.01,20,2016-01-01,2020-09-01,4876.0,5546.0
-0.3,-0.05,0.2,0.1,0.025,10,2016-01-01,2020-09-01,7172.0,9181.0
-0.3,-0.05,0.2,0.1,0.025,15,2016-01-01,2020-09-01,5217.0,8527.0
-0.3,-0.05,0.2,0.1,0.025,20,2016-01-01,2020-09-01,7621.0,9144.0
-0.3,-0.05,0.2,0.1,0.05,10,2016-01-01,2020-09-01,9072.0,7799.0
-0.3,-0.05,0.2,0.1,0.05,15,2016-01-01,2020-09-01,7853.0,8304.0
-0.3,-0.05,0.2,0.1,0.05,20,2016-01-01,2020-09-01,8087.0,7305.0
-0.3,-0.05,0.2,0.2,0.01,10,2016-01-01,2020-09-01,5650.0,6405.0
-0.3,-0.05,0.2,0.2,0.01,15,2016-01-01,2020-09-01,5032.0,5748.0
-0.3,-0.05,0.2,0.2,0.01,20,2016-01-01,2020-09-01,5255.0,5544.0
-0.3,-0.05,0.2,0.2,0.025,10,2016-01-01,2020-09-01,7814.0,9045.0
-0.3,-0.05,0.2,0.2,0.025,15,2016-01-01,2020-09-01,5107.0,8201.0
-0.3,-0.05,0.2,0.2,0.025,20,2016-01-01,2020-09-01,6930.0,9482.0
-0.3,-0.05,0.2,0.2,0.05,10,2016-01-01,2020-09-01,8965.0,8187.0
-0.3,-0.05,0.2,0.2,0.05,15,2016-01-01,2020-09-01,7749.0,8405.0
-0.3,-0.05,0.2,0.2,0.05,20,2016-01-01,2020-09-01,8064.0,7322.0
-0.3,-0.05,0.2,0.3,0.01,10,2016-01-01,2020-09-01,5660.0,6403.0
-0.3,-0.05,0.2,0.3,0.01,15,2016-01-01,2020-09-01,5026.0,5749.0
-0.3,-0.05,0.2,0.3,0.01,20,2016-01-01,2020-09-01,5209.0,5544.0
-0.3,-0.05,0.2,0.3,0.025,10,2016-01-01,2020-09-01,7806.0,9022.0
-0.3,-0.05,0.2,0.3,0.025,15,2016-01-01,2020-09-01,5071.0,8277.0
-0.3,-0.05,0.2,0.3,0.025,20,2016-01-01,2020-09-01,7587.0,9523.0
-0.3,-0.05,0.2,0.3,0.05,10,2016-01-01,2020-09-01,9000.0,8129.0
-0.3,-0.05,0.2,0.3,0.05,15,2016-01-01,2020-09-01,7894.0,8400.0
-0.3,-0.05,0.2,0.3,0.05,20,2016-01-01,2020-09-01,8062.0,7316.0
-0.3,-0.15,0.3,0.1,0.01,10,2016-01-01,2020-09-01,6492.0,6551.0
-0.3,-0.15,0.3,0.1,0.01,15,2016-01-01,2020-09-01,5366.0,5742.0
-0.3,-0.15,0.3,0.1,0.01,20,2016-01-01,2020-09-01,4980.0,5720.0
-0.3,-0.15,0.3,0.1,0.025,10,2016-01-01,2020-09-01,6905.0,9705.0
-0.3,-0.15,0.3,0.1,0.025,15,2016-01-01,2020-09-01,5874.0,9095.0
-0.3,-0.15,0.3,0.1,0.025,20,2016-01-01,2020-09-01,8091.0,9773.0
-0.3,-0.15,0.3,0.1,0.05,10,2016-01-01,2020-09-01,9422.0,8903.0
-0.3,-0.15,0.3,0.1,0.05,15,2016-01-01,2020-09-01,7814.0,9191.0
-0.3,-0.15,0.3,0.1,0.05,20,2016-01-01,2020-09-01,8212.0,9510.0
-0.3,-0.15,0.3,0.2,0.01,10,2016-01-01,2020-09-01,6575.0,6535.0
-0.3,-0.15,0.3,0.2,0.01,15,2016-01-01,2020-09-01,5507.0,5667.0
-0.3,-0.15,0.3,0.2,0.01,20,2016-01-01,2020-09-01,5773.0,5587.0
-0.3,-0.15,0.3,0.2,0.025,10,2016-01-01,2020-09-01,7298.0,9335.0
-0.3,-0.15,0.3,0.2,0.025,15,2016-01-01,2020-09-01,5285.0,8920.0
-0.3,-0.15,0.3,0.2,0.025,20,2016-01-01,2020-09-01,8527.0,9550.0
-0.3,-0.15,0.3,0.2,0.05,10,2016-01-01,2020-09-01,9409.0,8923.0
-0.3,-0.15,0.3,0.2,0.05,15,2016-01-01,2020-09-01,9558.0,9685.0
-0.3,-0.15,0.3,0.2,0.05,20,2016-01-01,2020-09-01,8313.0,8765.0
-0.3,-0.15,0.3,0.3,0.01,10,2016-01-01,2020-09-01,6379.0,6537.0
-0.3,-0.15,0.3,0.3,0.01,15,2016-01-01,2020-09-01,5505.0,5669.0
-0.3,-0.15,0.3,0.3,0.01,20,2016-01-01,2020-09-01,5754.0,5588.0
-0.3,-0.15,0.3,0.3,0.025,10,2016-01-01,2020-09-01,6804.0,9285.0
-0.3,-0.15,0.3,0.3,0.025,15,2016-01-01,2020-09-01,5679.0,9026.0
-0.3,-0.15,0.3,0.3,0.025,20,2016-01-01,2020-09-01,8545.0,9472.0
-0.3,-0.15,0.3,0.3,0.05,10,2016-01-01,2020-09-01,8817.0,9176.0
-0.3,-0.15,0.3,0.3,0.05,15,2016-01-01,2020-09-01,9598.0,9705.0
-0.3,-0.15,0.3,0.3,0.05,20,2016-01-01,2020-09-01,8157.0,9006.0
-0.3,-0.15,0.5,0.1,0.01,10,2016-01-01,2020-09-01,6693.0,6554.0
-0.3,-0.15,0.5,0.1,0.01,15,2016-01-01,2020-09-01,5353.0,5742.0
-0.3,-0.15,0.5,0.1,0.01,20,2016-01-01,2020-09-01,4313.0,5710.0
-0.3,-0.15,0.5,0.1,0.025,10,2016-01-01,2020-09-01,6652.0,9499.0
-0.3,-0.15,0.5,0.1,0.025,15,2016-01-01,2020-09-01,5923.0,9013.0
-0.3,-0.15,0.5,0.1,0.025,20,2016-01-01,2020-09-01,8632.0,9594.0
-0.3,-0.15,0.5,0.1,0.05,10,2016-01-01,2020-09-01,8145.0,8851.0
-0.3,-0.15,0.5,0.1,0.05,15,2016-01-01,2020-09-01,9103.0,9197.0
-0.3,-0.15,0.5,0.1,0.05,20,2016-01-01,2020-09-01,8354.0,8787.0
-0.3,-0.15,0.5,0.2,0.01,10,2016-01-01,2020-09-01,7441.0,6528.0
-0.3,-0.15,0.5,0.2,0.01,15,2016-01-01,2020-09-01,5437.0,5899.0
-0.3,-0.15,0.5,0.2,0.01,20,2016-01-01,2020-09-01,4946.0,5570.0
-0.3,-0.15,0.5,0.2,0.025,10,2016-01-01,2020-09-01,6721.0,9377.0
-0.3,-0.15,0.5,0.2,0.025,15,2016-01-01,2020-09-01,6025.0,8909.0
-0.3,-0.15,0.5,0.2,0.025,20,2016-01-01,2020-09-01,8826.0,9238.0
-0.3,-0.15,0.5,0.2,0.05,10,2016-01-01,2020-09-01,8939.0,8865.0
-0.3,-0.15,0.5,0.2,0.05,15,2016-01-01,2020-09-01,8992.0,9813.0
-0.3,-0.15,0.5,0.2,0.05,20,2016-01-01,2020-09-01,8700.0,9080.0
-0.3,-0.15,0.5,0.3,0.01,10,2016-01-01,2020-09-01,7427.0,6526.0
-0.3,-0.15,0.5,0.3,0.01,15,2016-01-01,2020-09-01,5435.0,5784.0
-0.3,-0.15,0.5,0.3,0.01,20,2016-01-01,2020-09-01,4956.0,5570.0
-0.3,-0.15,0.5,0.3,0.025,10,2016-01-01,2020-09-01,6930.0,9427.0
-0.3,-0.15,0.5,0.3,0.025,15,2016-01-01,2020-09-01,5573.0,8926.0
-0.3,-0.15,0.5,0.3,0.025,20,2016-01-01,2020-09-01,8806.0,9575.0
